Wind1VelX_[m/s],Wind1VelY_[m/s],Wind1VelZ_[m/s],Azimuth_[deg],blade pitch [deg],BldPitch2_[deg],BldPitch3_[deg],GenSpeed_[rpm],LSSTipMys_[kN-m],LSSTipMzs_[kN-m],LSShftFys_[kN],LSShftFzs_[kN],NacYaw_[deg],RootFxb1_[kN],RootFxb2_[kN],RootFxb3_[kN],RootFxc1_[kN],RootFxc2_[kN],RootFxc3_[kN],RootFyb1_[kN],RootFyb2_[kN],RootFyb3_[kN],RootFyc1_[kN],RootFyc2_[kN],RootFyc3_[kN],RootFzb1_[kN],RootFzb2_[kN],RootFzb3_[kN],RootFzc1_[kN],RootFzc2_[kN],RootFzc3_[kN],RootMxb1_[kN-m],RootMxb2_[kN-m],RootMxb3_[kN-m],RootMxc1_[kN-m],RootMxc2_[kN-m],RootMxc3_[kN-m],RootMyb1_[kN-m],RootMyb2_[kN-m],RootMyb3_[kN-m],RootMyc1_[kN-m],RootMyc2_[kN-m],RootMyc3_[kN-m],RootMzb1_[kN-m],RootMzb2_[kN-m],RootMzb3_[kN-m],RootMzc1_[kN-m],RootMzc2_[kN-m],RootMzc3_[kN-m],rotor speed [RPM],RotThrust_[kN],rotor torque [kN-m],Spn1MLxb1_[kN-m],Spn1MLyb1_[kN-m],Spn2MLxb1_[kN-m],Spn2MLyb1_[kN-m],Spn3MLxb1_[kN-m],Spn3MLyb1_[kN-m],Spn4MLxb1_[kN-m],Spn4MLyb1_[kN-m],Spn5MLxb1_[kN-m],Spn5MLyb1_[kN-m],Spn6MLxb1_[kN-m],Spn6MLyb1_[kN-m],Spn7MLxb1_[kN-m],Spn7MLyb1_[kN-m],Spn8MLxb1_[kN-m],Spn8MLyb1_[kN-m],Spn9MLxb1_[kN-m],Spn9MLyb1_[kN-m],TipDxb1_[m],TipDxb2_[m],TipDxb3_[m],TipDxc1_[m],TipDxc2_[m],TipDxc3_[m],TipDyb1_[m],TipDyb2_[m],TipDyb3_[m],TipDyc1_[m],TipDyc2_[m],TipDyc3_[m],TipDzb1_[m],TipDzb2_[m],TipDzb3_[m],TipDzc1_[m],TipDzc2_[m],TipDzc3_[m],TwrBsMxt_[kN-m],TwrBsMyt_[kN-m],TwrBsMzt_[kN-m],B1N1Alpha_[deg],B1N1Fx_[N/m],B1N1Fy_[N/m],B1N2Alpha_[deg],B1N2Fx_[N/m],B1N2Fy_[N/m],B1N3Alpha_[deg],B1N3Fx_[N/m],B1N3Fy_[N/m],B1N4Alpha_[deg],B1N4Fx_[N/m],B1N4Fy_[N/m],B1N5Alpha_[deg],B1N5Fx_[N/m],B1N5Fy_[N/m],B1N6Alpha_[deg],B1N6Fx_[N/m],B1N6Fy_[N/m],B1N7Alpha_[deg],B1N7Fx_[N/m],B1N7Fy_[N/m],B1N8Alpha_[deg],B1N8Fx_[N/m],B1N8Fy_[N/m],B1N9Alpha_[deg],B1N9Fx_[N/m],B1N9Fy_[N/m],B2N1Alpha_[deg],B2N1Fx_[N/m],B2N1Fy_[N/m],B2N2Alpha_[deg],B2N2Fx_[N/m],B2N2Fy_[N/m],B2N3Alpha_[deg],B2N3Fx_[N/m],B2N3Fy_[N/m],B2N4Alpha_[deg],B2N4Fx_[N/m],B2N4Fy_[N/m],B2N5Alpha_[deg],B2N5Fx_[N/m],B2N5Fy_[N/m],B2N6Alpha_[deg],B2N6Fx_[N/m],B2N6Fy_[N/m],B2N7Alpha_[deg],B2N7Fx_[N/m],B2N7Fy_[N/m],B2N8Alpha_[deg],B2N8Fx_[N/m],B2N8Fy_[N/m],B2N9Alpha_[deg],B2N9Fx_[N/m],B2N9Fy_[N/m],B3N1Alpha_[deg],B3N1Fx_[N/m],B3N1Fy_[N/m],B3N2Alpha_[deg],B3N2Fx_[N/m],B3N2Fy_[N/m],B3N3Alpha_[deg],B3N3Fx_[N/m],B3N3Fy_[N/m],B3N4Alpha_[deg],B3N4Fx_[N/m],B3N4Fy_[N/m],B3N5Alpha_[deg],B3N5Fx_[N/m],B3N5Fy_[N/m],B3N6Alpha_[deg],B3N6Fx_[N/m],B3N6Fy_[N/m],B3N7Alpha_[deg],B3N7Fx_[N/m],B3N7Fy_[N/m],B3N8Alpha_[deg],B3N8Fx_[N/m],B3N8Fy_[N/m],B3N9Alpha_[deg],B3N9Fx_[N/m],B3N9Fy_[N/m],Cp [-],Ct [-],rotor thrust [kN],RtAeroFyh_[N],RtAeroFzh_[N],generator power [kW],generator torque [kN-m],tip-speed ratio [-],aerodynamic power [kW]
3.0,0.0,0.0,179.98291313928848,2.4342148884938834e-05,2.4342148884938834e-05,2.4342148884938834e-05,697.7577179822257,-131.4610083317852,96.8804181229511,-0.37349745565499004,-444.5086117381671,0.0,48.3592107687145,48.359367294776746,48.36480053089565,48.359214582696396,48.35935790728593,48.364798113568156,-0.0837567878203248,-0.31170899290333115,-0.23458159284545146,-0.0837567878203248,-0.31170899290333115,-0.2346937948244472,137.8352449939034,137.79297643241367,138.00848115219458,137.8352449939034,137.79297643241367,138.00848115219458,-2.891813591364067,1.0574782741343196,-0.2879181607071489,-2.891813591364067,1.0574782741343196,-0.2900701652927893,1660.7139581930796,1660.7796584826744,1660.6695178455932,1660.7141582187992,1660.7798729357826,1660.669826428454,-17.465930775114707,-17.482693641492038,-17.475603880778277,-17.465930775114707,-17.482693641492038,-17.475603880778277,7.193378413360687,129.77924588695592,1.8825713374411164,-392.92698800154943,1293.710340184434,-225.07267938451326,1071.506548449449,-97.73310600121049,850.0342075431101,-37.70495938292686,636.8494421987234,-10.768867081692905,445.4688872138281,-2.659404669627795,283.0990782039195,-0.6941664177434662,154.81908868662498,-0.21556479225638175,64.16861184844967,0.21778289571522932,12.712915678039643,1.3440129691799998,1.3441765005093362,1.343916844091014,1.3440129691799998,1.3441765005093362,1.343916844091014,-0.03149116862335837,-0.0323522025075937,-0.03205255210682217,-0.03149116862335837,-0.03235219911390282,-0.032052532600748605,-0.024795721029966074,-0.024800058898217434,-0.024789555270824805,-0.024795721029966074,-0.024800058898217434,-0.024789555270824805,178.84243465955575,6595.5052339885315,98.20963753642731,3.0000075077889767,64.35258145614905,4.562157388133897,0.08405792095687155,109.83981215640569,12.905822353442497,0.36591757904341604,214.84301899468377,17.013093296734137,0.6997695705778094,338.97200325822433,11.472963417686346,0.9627432108700973,441.5984561697619,7.412656867399244,1.1066969788878858,613.0181189353654,2.7390172320630644,0.8380061094104879,784.0967233696628,0.4714911652076486,0.07564824784698908,925.0378112781949,-8.169971161563428,-0.15009816872200815,1052.7442941379636,-17.04292441512942,2.9990628559488774,64.35095210819874,4.5578476302263375,0.08378920282388859,109.83876329871472,12.904073654361301,0.36578221319486104,214.8562753959248,17.014127297917934,0.6996619610659539,338.9850800886553,11.473077681232011,0.9626540060770127,441.6122439093534,7.412388175201508,1.1066141567973535,613.0313752104393,2.738193192896838,0.8380718242985845,784.1392129363501,0.47289151167707216,0.07565038542340803,925.0798739821333,-8.169429541581225,-0.1500182254207497,1053.0051267848062,-17.027920665887375,2.997732352073552,64.33210578326445,4.550821437440381,0.08317953493055362,109.80661463599448,12.896630812346974,0.3654475189397668,214.83057645959335,17.010360081415534,0.6994005007949962,338.9521139445854,11.469943019882898,0.9624481342303096,441.5774686767321,7.4098103392971275,1.1064964405812467,612.9993267728862,2.7367112633335986,0.837847469942634,784.0746967934566,0.4692480610986129,0.07294032086137825,924.4853595378822,-8.205383572969092,-0.15251754314171284,1052.3267154552984,-17.06971501295979,0.007768720910058312,1.3498406264896272,90.87665667052033,-0.4453779537180016,-0.21786666104979924,0.0,0.0,15.944613482188764,1.4181199525108232
4.0,0.0,0.0,180.07132579658537,-2.233423986022746e-05,-2.233423986022746e-05,-2.233423986022746e-05,776.0019898592948,-101.48700555770824,84.19238490547447,-0.5674362241306756,-444.63574189154576,0.0,67.95143145185396,67.95144950191825,67.95143208596791,67.95144036862254,67.95146917344069,67.95143804678212,-1.597400177382704,-1.5975125401498056,-1.5980354743768863,-1.597400177382704,-1.5975125401498056,-1.5980445598216781,170.22350567940214,170.22272532583833,170.22324115155493,170.22350567940214,170.22272532583833,170.22324115155493,42.90090202906402,42.90194054483494,42.91252846786147,42.90090202906402,42.90194054483494,42.91447319347702,2410.4614152528875,2410.4620974456666,2410.460308067929,2410.461706275504,2410.4619655588563,2410.4608114429307,-20.92540136165161,-20.925418703048894,-20.925375356492655,-20.92540136165161,-20.925418703048894,-20.925375356492655,8.000020507384118,183.39142108766137,141.39894937076252,-536.7367463305294,1896.2490778712413,-299.4078312579361,1570.05300807845,-120.0063387099567,1244.7789059719828,-38.161912421235506,932.8142123489052,-3.881342380857619,653.5399642965594,3.689246362698648,416.905523224012,3.110312309226157,229.02995646406185,1.284375871753459,94.38736220887566,0.5444455486436877,17.952550853285413,1.9724914572826315,1.9724923110426325,1.9724906312492518,1.9724914572826315,1.9724923110426325,1.9724906312492518,-0.060693396461044186,-0.06069413586272872,-0.0606960481984921,-0.060693396461044186,-0.06069407133164519,-0.060696201628449235,-0.051816055215586174,-0.051816048519273135,-0.05181598944926257,-0.051816055215586174,-0.051816048519273135,-0.05181598944926257,333.81187329713276,11329.002643714155,74.37574147030497,5.57831352701156,122.1274574094937,25.421197904687823,1.5436976817797992,222.32594273941237,39.775179521844294,1.4287205615939373,386.04113270416667,42.19213771841936,1.7434526878233219,579.828770780005,35.06761108916148,1.983802862516091,729.7893369288183,30.191316996138013,2.0791525322510345,967.6154445670651,24.9360347138609,1.7486704832847324,1190.1250298112234,23.12801914598211,1.096721279872566,1451.6290884674418,16.23214503366991,1.0289406213031884,1697.0140298032115,10.925785582760062,5.578319512919396,122.1275596793646,25.42128824304183,1.5436990880903443,222.32611732636732,39.77524001551476,1.4287228596803188,386.0415759507482,42.19222686305029,1.7434562942525096,579.8291502091457,35.06770180796902,1.9838072203462362,729.7897554586766,30.191390479296242,2.0791567123142918,967.6163663121201,24.936171836634855,1.748675910258236,1190.12575115911,23.128189019141217,1.0967277813924354,1451.6299505254294,16.232297339726454,1.0289446071409671,1697.0139996935443,10.925963949906555,5.5783058299234565,122.12756096983955,25.42123923479479,1.5436959438033246,222.32609321857112,39.77520317835875,1.4287166267608464,386.04122917977185,42.19213144448519,1.7434515990208177,579.8287859695613,35.0676100698423,1.9838018615812,729.7893150488363,30.1912960253507,2.0791491976807097,967.615505941306,24.936013198808634,1.7486696649832645,1190.124566434196,23.12797568895738,1.0967154002743906,1451.6269081958744,16.2319520734546,1.0289423921435736,1697.0136052420698,10.925817431569003,0.2507774361854534,1.2050807817221711,144.48852947436922,0.0016017095921658136,-0.009983000765826243,106.15922134158073,1.3905305628534177,13.299442992207648,118.45841047650467
5.0000001685899695,0.0,0.0,179.89714980916935,1.973490461447819e-06,1.973490461447819e-06,1.973490461447819e-06,775.9989943870069,59.64489624230914,146.02934431935276,-1.3222915167202332,-444.96290150887455,0.0,83.77134773270615,83.77132156664631,83.77135892085533,83.77133781139361,83.77135400318396,83.77136816894117,-4.326477496999616,-4.326241656405633,-4.326487133867098,-4.326477496999616,-4.326241656405633,-4.326559447345052,169.69887932013103,169.6986017321191,169.6984725119748,169.69887932013103,169.6986017321191,169.6984725119748,133.9177641045588,133.91389632769247,133.9221221070892,133.9177641045588,133.91389632769247,133.92097060920128,2993.395699669587,2993.394766730669,2993.3971449163128,2993.395407284014,2993.396026255357,2993.3961473941804,-20.58694764711413,-20.586979143861885,-20.58684789637435,-20.58694764711413,-20.586979143861885,-20.58684789637435,7.999989669518594,230.868414871015,430.36085765917414,-604.3620971706703,2373.3071265824838,-320.8177883340964,1955.5188995471392,-109.42699968241405,1541.3539936651737,-18.668358040479866,1148.508509674449,14.433852081680492,800.1041037073735,16.269491751943555,507.55143427937577,9.890780865918286,276.7979282039376,3.839946355313173,112.50362098449959,0.9798194605138456,20.692457831702654,2.4207394652812577,2.420738419223412,2.4207418310611044,2.4207394652812577,2.420738419223412,2.4207418310611044,-0.09959414865491976,-0.09959306372633044,-0.09959436282581703,-0.09959414865491976,-0.09959309251125634,-0.09959478394198508,-0.07725734386203227,-0.07725728730772558,-0.07725747207526615,-0.07725734386203227,-0.07725728730772558,-0.07725747207526615,693.533255825431,15662.972613553351,114.55431872782981,13.36763801775584,132.93633519430838,24.8870859731662,3.952700521407359,371.78422940696635,91.3021048210179,3.273605330442548,601.5763526368477,90.95521974192003,3.5377071212403886,861.4530240194503,85.5284972559809,3.7317348092248532,1048.6194367629528,81.70528882377207,3.7361033722265704,1310.4342765278761,77.00686860686895,3.2912852844517935,1557.5060835583859,76.37921043475477,2.449815631072547,1860.1932428063403,69.41618995257909,2.255999019576619,2116.0864937197152,63.588179219318405,13.367682815040137,132.93576379097482,24.88681784127236,3.952706568727026,371.7842319529395,91.30213924089323,3.2736084107347434,601.5765562077719,90.95533157948879,3.537709828181538,861.4531465488747,85.52860596446384,3.731739378843733,1048.6196951417617,81.70539436157274,3.736107713700737,1310.435119579061,77.00707090574629,3.2912912018004037,1557.5062756595946,76.37945622164946,2.4498202974747696,1860.1936320827213,69.41639610114188,2.2560036594287514,2116.087193892298,63.58839975760924,13.36764197659946,132.93664966974325,24.887249127445983,3.9527050449428582,371.7843390743846,91.30214421009323,3.273605869908263,601.5765640192906,90.95530236958481,3.5377090071132953,861.4530362582403,85.52857960418577,3.731736949974107,1048.6197495953654,81.70538676447197,3.73610340156972,1310.4341832919845,77.00694047803545,3.2912894512007025,1557.5060710988837,76.37932197326434,2.449819002239211,1860.1934417429243,69.41634888851218,2.25600498476667,2116.0866019748773,63.588295316020606,0.39048219862961187,1.0234673364741154,191.9655414955616,0.007290409534238279,0.0009431933621720721,323.5369143755134,4.237871881531202,10.639513022484762,360.53780345050825
6.0,0.0,0.0,179.99442808435143,1.2223288659870519e-05,1.2223288659870519e-05,1.2223288659870519e-05,776.0003165525799,240.40557730125715,220.6551454356497,-2.51212954850821,-445.6837461961746,0.0,101.39616499031325,101.40264471387508,101.38901712642588,101.39617217078415,101.40264972669223,101.38904719153872,-8.309552684016703,-8.575639378869168,-8.346006117124295,-8.309552684016703,-8.575639378869168,-8.346006117124295,168.64192275257983,168.74533874455565,168.9220551967765,168.64192275257983,168.74533874455565,168.9220551967765,271.1648150502643,275.7558881047607,271.70118902391425,271.1648150502643,275.7558881047607,271.70118902391425,3640.531478681103,3640.6255272395756,3639.8467652990125,3640.531846614031,3640.6246401213502,3639.846822144959,-20.008489299578024,-20.0550427411011,-20.017324208706935,-20.008489299578024,-20.0550427411011,-20.017324208706935,8.00000320129789,283.8156897501532,871.0368943647026,-650.937713610234,2911.052252085356,-321.4554532958091,2386.5626580435146,-80.16120092822032,1869.6554926717629,15.278879763344975,1385.2767457983034,42.69948254216655,959.853150352683,34.768652120959615,605.4642164194948,19.54077343020607,327.7062433819617,7.3523195889461475,131.41245758470865,1.5377979530075154,23.495686493341303,2.911378396336705,2.9115080463597796,2.9106761174458082,2.911378396336705,2.9115080463597796,2.9106761174458082,-0.15342881952520435,-0.15442690680021445,-0.15351220305547278,-0.15342881952520435,-0.15442690680021445,-0.15351220305547278,-0.11101259243480738,-0.11102475300682854,-0.1109608540452294,-0.11101259243480738,-0.11102475300682854,-0.1109608540452294,1243.8085259335387,20496.382644033412,156.4183272793231,19.583776291189622,145.30422330041824,25.85240571209456,6.5111197254803805,543.3697398226399,165.52037912564282,5.408836227510697,863.128000745876,168.06578699865963,5.613013631477381,1197.0726082883791,166.91938713525073,5.738373424503035,1405.9155874474216,163.44625726912452,5.629849047657792,1699.1306774779932,161.0916397199221,5.065467341553862,1973.8453602165305,162.02350231348916,3.9787786759431345,2318.666779531031,152.93671451043733,3.5557343102249632,2557.3454587086694,139.0169078782052,19.578100212705024,145.33295020343175,25.85361048283283,6.509371414581286,543.3449345859489,165.49110955523852,5.407623895114633,863.1329872971144,168.05514830126958,5.611988161395358,1197.0669745109421,166.9045324786352,5.737443278021255,1405.9065601529157,163.428892189219,5.629060707193715,1699.1175034807802,161.07331735019017,5.06482035600654,1973.8332715523275,162.00696667775708,3.978372156262642,2318.681055896119,152.92941181545694,3.5555515797954778,2557.4003945333325,139.02069017709564,19.581532139101732,145.2843109334827,25.847013055302288,6.509994633169726,543.277664460681,165.478384721459,5.407624149565454,862.9196666426226,167.99668823943773,5.611500321756096,1196.79386397792,166.84310113946302,5.736677937816938,1405.606736880687,163.36421879702942,5.6279223631131545,1698.7393453360057,160.99796312842986,5.063338680171211,1973.3513523460967,161.9151345093333,3.976754291278219,2318.063761918691,152.82386094381073,3.553849626343845,2556.6962900021035,138.9080344223673,0.4570324762488681,0.9058590669704129,244.9143886893971,-2.069981682420145,-3.5337519869578045,654.728474422536,8.5759939045219,8.866276148078667,729.7184542301366
7.0,0.0,0.0,180.1234273754928,0.0,0.0,0.0,801.1136887737028,379.9898499743631,281.6185599973312,-3.695500049798674,-446.37525495315543,0.0,122.47968734750005,122.4734588568925,122.47864199684956,122.47968734750005,122.4734588568925,122.47864199684956,-13.540703364693227,-13.387986668493006,-13.461728977561894,-13.540703364693227,-13.387986668493006,-13.461728977561894,178.4063607844837,178.41311005084597,178.2800881688474,178.4063607844837,178.41311005084597,178.2800881688474,444.9352851924006,442.2656413860093,443.61594073692316,444.9352851924006,442.2656413860093,443.61594073692316,4413.461576725101,4413.1956806546705,4413.6264679559845,4413.461576725101,4413.1956806546705,4413.6264679559845,-20.91339667764479,-20.885326060670206,-20.89688892346141,-20.91339667764479,-20.885326060670206,-20.89688892346141,8.258904064908332,345.4658874338559,1412.9463140416244,-699.7956632388161,3555.471948511022,-317.4505983787554,2902.941178349126,-42.19819183984446,2262.917604540888,57.53047211982642,1669.8065863730856,77.29670071720466,1152.8308360165756,57.16648383192816,724.8025602611913,31.082705529809115,390.63442274304896,11.450173577205026,155.26047096444563,2.1654632526748685,27.206485741150413,3.506174324489782,3.5058804183699084,3.506349813669742,3.506174324489782,3.5058804183699084,3.506349813669742,-0.2197762182731132,-0.2191842490495826,-0.2195017652999497,-0.2197762182731132,-0.2191842490495826,-0.2195017652999497,-0.16022201024189028,-0.1601960352319412,-0.16023765986981728,-0.16022201024189028,-0.1601960352319412,-0.16023765986981728,1893.1684061982157,26055.95186527843,175.81682091293843,23.505155176209694,170.44976944872573,33.48564517394536,8.593127985057636,734.1911694213289,257.0044212285994,7.293281270397648,1172.4672586657207,269.3236484337891,7.418013250700931,1560.4319575011825,269.77951532933855,7.459666465099654,1805.8358301573876,267.7820941244004,7.240619873593612,2143.392616791308,266.88486534737757,6.536794126836375,2449.2091146552616,266.09232414694094,5.245163484603564,2872.109189895393,256.2117137141122,4.6002409463543685,3103.4713037632096,228.68020103741333,23.509195084865848,170.42641438067503,33.48556854787421,8.594248794436027,734.1811510615618,257.01848686782233,7.293884943098968,1172.3975378629295,269.3100468105449,7.418333985797887,1560.3612165140678,269.76606528499013,7.459858535118729,1805.7512404206682,267.76626044271023,7.240627291095774,2143.280645200853,266.86164557652563,6.536602648344728,2449.0542687159154,266.0600861836523,5.2448377246041895,2871.8922581813317,256.16731667669774,4.599844309847734,3103.2253075196686,228.63297169107432,23.507635624706477,170.4398719124715,33.48659398561031,8.594109742952412,734.2190907289123,257.0300864807716,7.294188113891409,1172.5219279467133,269.35418632359745,7.418923935204614,1560.5185543016917,269.81759621446946,7.460541980201364,1805.9424404748697,267.8240559104932,7.24150252645947,2143.523948517604,266.9318169325328,6.537605345211793,2449.3478508712915,266.13888349345103,5.245834464231645,2872.2941174686325,256.25936025925495,4.600795631098127,3103.661876495365,228.72290523275257,0.4816446437537466,0.8323314954387233,306.5630925664963,-0.2326509979392749,2.5966947338989157,1096.5222781549244,13.912602930626372,7.845610159050952,1222.0154596766922
8.0,0.0,0.0,179.87184098928444,1.8900445670005528e-06,1.8900445670005528e-06,1.8900445670005528e-06,914.9047700166095,544.2633375001799,390.7681549963939,-4.011989788392363,-447.8618426636309,0.0,156.43459486252627,156.4085045806088,156.42451451790222,156.43458801587374,156.4084899034336,156.42449187220362,-17.88523637895735,-17.703069271393982,-17.592194256747383,-17.88523637895735,-17.703069271393982,-17.592194256747383,229.78968798084207,230.02773747884933,229.76247032227178,229.78968798084207,230.02773747884933,229.76247032227178,580.9807848922794,577.6385651591809,575.8949964456858,580.9807848922794,577.6385651591809,575.8949964456858,5646.683988760589,5645.326919809828,5646.322804026715,5646.682040791007,5645.326767463528,5646.323367072183,-27.333703964373903,-27.285624739762756,-27.256615473155495,-27.333703964373903,-27.285624739762756,-27.256615473155495,9.432007947162269,439.07743330683195,1842.6374455751493,-886.9721552793637,4549.644212376129,-399.47125112868565,3709.962639020502,-49.174927259951566,2887.911864547864,76.84790098386587,2128.3536189147517,100.96130674111572,1468.5048661691026,74.411371034348,923.9186266630453,40.46730733092002,499.3589210004542,14.937739684204828,199.49980184526453,2.826563944663912,35.24184272349808,4.485348720220118,4.484044741332846,4.484926476129436,4.485348720220118,4.484044741332846,4.484926476129436,-0.28371060731493697,-0.28291836399411996,-0.28258955020830795,-0.28371060731493697,-0.28291836399411996,-0.28258955020830795,-0.26138425241892527,-0.26123149808200324,-0.2613307428359006,-0.26138425241892527,-0.26123149808200324,-0.2613307428359006,2358.6061504197905,34427.18391285919,248.68027565441798,23.527520993029885,222.48459964449833,43.73942967934958,8.607473701439995,959.1422109732947,336.0447267339105,7.3068762022559275,1532.405184371137,352.3616325335712,7.429132584616494,2038.3619994593607,352.8468790325629,7.468018144594123,2358.500959178056,350.1344512544836,7.241273263867723,2798.2058357864007,348.52230193868706,6.529187986010553,3196.288633205034,346.98910584172745,5.233158413986677,3744.708892035282,333.36031160488227,4.5901980406358405,4046.873990182832,297.6547863341061,23.52663730215368,222.41387813290112,43.72530970391134,8.60638065674975,958.8706443432418,335.9338340308381,7.305581495359209,1531.912373783169,352.2126109494519,7.427609647046064,2037.7787789259892,352.68306303839097,7.466398015241959,2357.8318955932978,349.9566262455637,7.239493096964258,2797.4296653126694,348.32202708445413,6.527315405696641,3195.408506945997,346.7703082719374,5.231318019805119,3743.6133379880594,333.12138780788536,4.588435144136755,4045.7149615376907,297.4241787484633,23.533871530453627,222.4402187371604,43.74015293181315,8.609689731532423,959.1338196603685,336.088866274362,7.308363560607094,1532.32004033096,352.3595683870281,7.430140982168965,2038.2531701649796,352.8461564108737,7.468754477033626,2358.3645410444756,350.1279696162735,7.241760245029525,2798.0421868987787,348.509708755726,6.529431145888665,3196.0922623089928,346.963553980996,5.233135225368142,3744.410826893526,333.3088811173318,4.589951088689128,4046.489317943436,297.58328121831715,0.4803492378414581,0.8313251374208621,400.1741308345231,-6.964603028174825,4.990172578867494,1633.1145073191492,18.143699852387282,7.8400081524510465,1820.005366339621
9.000000168589969,0.0,0.0,180.3069451419688,0.5823300288954204,0.5823300288954204,0.5823300288954204,1026.494654945178,678.1645526694036,497.466525536271,-3.9744790085372297,-449.4794426113395,0.0,189.28891168641866,189.28925971261805,189.28826243116953,189.06704520150234,189.06720159867166,189.06635718798668,-20.871215728166327,-20.87750580366079,-20.869295135020213,-22.793901030610023,-22.800227488098177,-22.79209611122957,286.5504882167141,286.5557956012647,286.55866280498344,286.5504882167141,286.5557956012647,286.55866280498344,666.1003613643134,666.2076804536243,666.0631452632407,735.0693636286836,735.1791893228668,735.0337626319337,6789.380120944945,6789.3813384326,6789.339356751336,6782.260593402873,6782.258141437326,6782.218751001343,-34.38974380205678,-34.39197295896086,-34.389262563138885,-34.38974380205678,-34.39197295896086,-34.389262563138885,10.582419154608381,527.9748065380387,2344.238832010273,-1090.7791371026456,5452.506662895109,-500.4780896234719,4437.454677039227,-76.28680520861649,3446.4573485870555,78.56997313681264,2533.683449092252,111.09990292691714,1744.4763391399172,82.75172350808735,1096.4512622249094,44.9929299916726,593.2880987126824,16.50262806290734,237.9042710746937,3.150408710801112,42.32603458138376,5.358022965794318,5.358025558026169,5.357987329165866,5.354417533470572,5.35441547110912,5.354377471867983,-0.3279231647116988,-0.32794737019183295,-0.3279133785120922,-0.3823622006812449,-0.3823854558553238,-0.38235203335134904,-0.3719390209797275,-0.37193930578081563,-0.3719336525029519,-0.3719390209797275,-0.37193930578081563,-0.3719336525029519,2864.2911683486363,42362.2924389186,311.07135590337714,23.019373078213935,280.48925260802724,57.21911532185876,8.379616585786207,1184.7716137661278,422.81845860931395,7.094113181551329,1892.0861709999697,448.0383011957271,7.1909406260293105,2514.3306500364383,450.507251005116,7.212491324888376,2902.3645691233705,447.4017351372755,6.937380236983072,3432.4870642184205,444.1366604820278,6.178447404937533,3903.8903221391383,439.77844514563765,4.899727211135459,4549.539172942589,424.44754133493393,4.236943000395181,4892.618555378196,378.944053753898,23.019241383018237,280.4903348827824,57.219069776239714,8.379561314282642,1184.770022080549,422.8163679065903,7.094065069522751,1892.083230119111,448.0363298789888,7.190901240678307,2514.3284556665367,450.50617737403263,7.212457027043586,2902.3603141363174,447.39934631792386,6.9373495542846,3432.482411465239,444.1344710717173,6.178451303436945,3903.8976205830695,439.78157827211646,4.899708569770077,4549.53914056517,424.44688050050115,4.236933519236965,4892.615760098698,378.94384885119234,23.019426552376363,280.4879094851012,57.218901765647246,8.379607159028325,1184.7677037706492,422.81667904631865,7.094080045405995,1892.0745331064759,448.0336873199698,7.190897157265984,2514.317417421088,450.50314290978673,7.2124443946939945,2902.34744919403,447.3959991158751,6.937328856114669,3432.465222470543,444.1303433284666,6.178392374033899,3903.8606128174406,439.770826565632,4.89966781281532,4549.504980159575,424.439645593831,4.236885687505139,4892.578850133883,378.9360604666136,0.48166106509009177,0.8027956042580608,489.0717861126064,-0.040516438652519825,-0.28444692932419985,2330.853095268842,23.080399069874456,7.818884269668934,2597.858145538761
10.000000337179937,0.0,0.0,180.1915383678088,4.793794784514144,4.793794784514144,4.793794784514144,1167.7607579841158,745.8264704527488,514.5835192407098,-4.562018037449892,-449.3846762235713,0.0,179.37907386588546,179.32927847998667,179.34481218535055,177.89612611930963,177.86109227801367,177.8839196099514,-10.236806012829163,-10.06194969960848,-9.97374041491126,-25.191682137874718,-25.01325254336772,-24.92660186314016,377.7199443684261,377.9256105927877,377.68424070584587,377.7199443684261,377.9256105927877,377.68424070584587,263.1743488525813,260.0268900413409,258.60680334254454,776.4780858855609,773.1890175697239,771.8648167365216,6153.2063699968085,6151.38975043081,6152.446860589402,6109.686382052868,6108.13934203907,6109.314545387899,-44.84739530209308,-44.80080521784924,-44.77484790521187,-44.84739530209308,-44.80080521784924,-44.77484790521187,12.038770816498543,480.1388059484373,2475.4388417826954,-1246.1923796488768,4814.04228287614,-665.1620688787324,3898.7204868318904,-239.8005783004934,3010.7109443396807,-58.893781773912494,2193.061160767027,8.395156710287182,1493.4320303200452,16.44499281209956,928.1436027732658,9.469039672701498,497.8405831592396,2.843277525428699,199.04664135667247,0.857063295060344,35.47991725385024,4.618492460211798,4.616991266042394,4.617910865003023,4.5874469040850006,4.586011062816978,4.58695156451405,-0.17819359321742337,-0.17745757056683625,-0.1771846524679882,-0.5635371529717984,-0.5626782101662341,-0.5624830857203159,-0.2748121299993201,-0.274636045509939,-0.2747403723514064,-0.2748121299993201,-0.274636045509939,-0.2747403723514064,3048.2217520984345,38325.404566599864,319.6162320906427,17.804336541121902,363.5175080280592,96.65443268824343,5.843500200181233,1167.8421184183742,447.5331702202817,4.691562444551531,1797.3744520716764,482.74963638853734,4.590927404036354,2385.10737918836,492.43235202294613,4.495650924588665,2735.2306262662282,487.52873024061535,4.0311162558346645,3149.7318274310037,471.32595542353835,3.117404528467845,3477.0619749497314,454.5771456360551,1.933272759237016,3907.3926882163064,439.0461817606268,1.286403304339169,4099.413691013273,394.5523041474923,17.804376601822906,363.41001036438024,96.62719490774222,5.84291350088198,1167.5543210512205,447.4127480296474,4.690825047160506,1796.8039297997052,482.55648667610285,4.590051718014789,2384.3974043208036,492.2295604338894,4.494712527701709,2734.4650470359297,487.3259428026672,4.030107515566675,3148.8931510218126,471.12141573010246,3.116353482914127,3476.151321035722,454.3721164244581,1.9321866932216223,3906.315612451585,438.82860646548806,1.2852378405385547,4098.210926385168,394.3319480722183,17.810204716314246,363.43565257016,96.64151216829288,5.8452631839814835,1167.8943921029154,447.60416477744377,4.692608989509402,1797.3001229948409,482.7449291753843,4.5916398464331465,2385.0078497417153,492.4258769642318,4.496194763827326,2735.111723713904,487.5196435498119,4.031442539700429,3149.57752145256,471.3075136178181,3.1175605853608657,3476.8657089940325,454.5458702243778,1.933250211728546,3907.1058768001853,438.9925812279366,1.2862205415086583,4099.02579033783,394.4785289672554,0.4217461319303458,0.5866760659304194,441.2375221344075,-8.092755759288865,4.546356691439488,2799.992728695119,24.37182914054591,8.005426517291584,3120.7786478942267
11.0,0.0,0.0,179.54986001940716,7.747389135804622,7.747389135804622,7.747389135804622,1167.7638239135167,850.1592715157313,514.3962204934753,-6.503214460260959,-448.4876401049544,0.0,154.93629855301484,154.86852273011667,154.8912556390007,152.80043182317505,152.75880172774364,152.79056512027645,-5.352633487003764,-5.163416300287212,-5.095467910850343,-26.1901559832426,-25.993550344031135,-25.929227104162695,381.6952714480281,381.88713494982755,381.6397247467605,381.6952714480281,381.88713494982755,381.6397247467605,90.67830741474476,87.31994581016801,86.2285127894205,774.3739818751109,770.7451752518135,769.8443678471086,5077.827956085036,5075.616968653286,5076.954980692645,5019.251369068431,5017.516873879834,5018.988965104668,-48.36990995907042,-48.33102938050756,-48.31224848467407,-48.36990995907042,-48.33102938050756,-48.31224848467407,12.03880229183982,404.32829797460295,2475.38898307694,-1118.8885842791578,3901.2331692646453,-623.1951046909347,3128.8371525975867,-260.58658500237067,2388.410922206174,-98.48720509888317,1715.048161425603,-29.62434751751886,1148.52740208136,-9.766847619066944,700.3204463981018,-4.400588500244329,368.1325527630634,-2.082309283160854,144.5809654945924,0.06014009311671182,25.23535234432359,3.580011344986919,3.578320692880449,3.579432133056224,3.5340658856890084,3.5324940840377668,3.5336252436396602,-0.09841580806485309,-0.09763867730747149,-0.09743557912836776,-0.5801232084559336,-0.5791245197079068,-0.5790740011069355,-0.16505906732783335,-0.1649096829319279,-0.16500326201694737,-0.16505906732783335,-0.1649096829319279,-0.16500326201694737,3219.081055264008,31900.917398829937,329.1029039117775,17.76796858052923,395.94562882516635,128.19737601364037,5.841744041692733,1198.5825371984072,532.000711091254,4.418133307013781,1748.5435815994122,557.7796860083266,3.98036273811681,2184.6690376026245,543.0130214813445,3.682817037248688,2425.1987376862526,523.3379430389168,2.9481596372566505,2659.169566173379,482.10436740009203,1.8134425665156364,2786.9374550987054,441.0214399345254,0.5070723771735288,2947.1993266064424,402.76864868803005,-0.24204134954823553,2935.1917044263732,346.2812427111838,17.77010878104666,395.8047084990643,128.1505240435499,5.841841486371019,1198.3537068791895,531.9053303989836,4.4177489088215705,1747.9522030031853,557.5478597804921,3.9796661356897762,2183.968311441671,542.78309370288,3.6819654896523577,2424.444815338081,523.1135642171646,2.947128609676679,2658.354526885617,481.88863402311733,1.8122817423280602,2786.0238240793915,440.805260076525,0.5058103481384141,2946.083629382715,402.5363244515268,-0.24343480860653852,2933.8933402770485,346.04248943659763,17.774436716058432,395.84689703290894,128.1702634354607,5.843857170391822,1198.6801082208747,532.1096959638651,4.419446945812826,1748.5243618519858,557.7971211329796,3.9812890504474128,2184.6403057827565,543.0280048537476,3.6835485298823896,2425.1592342952727,523.3484556556782,2.9486442857563357,2659.1018088335486,482.10404784399157,1.8137143312253365,2786.826938377491,441.00611507485604,0.507143616343342,2947.0050700823617,402.7325772256487,-0.24216130067434624,2934.886465304336,346.22289896923627,0.3169032745068249,0.4017554086625798,365.43146661424583,-7.237999484391616,7.2406872363326205,2800.000111799775,24.371829307136434,7.277679743082001,3120.723950271833
12.0,0.0,0.0,179.96924288575903,9.844964877848348,9.844964877848348,9.844964877848348,1167.7636818817582,966.7491723735635,530.9429716339185,-8.337994136690401,-447.86006784976627,0.0,141.07130158838532,140.9867029856811,141.0215010782358,138.43784563582125,138.38919608590626,138.43161709262034,-3.251741690893562,-3.04906054948533,-3.002188923983358,-27.324652831112083,-27.110692329771688,-27.070354059633598,383.4106664933405,383.5888800253389,383.33751127925757,383.4106664933405,383.5888800253389,383.33751127925757,16.226331145839918,12.67523336520044,11.910590914703118,772.0168340454878,768.0835381574909,767.6112243535425,4421.676783941671,4419.13591349224,4420.780632065967,4353.786195379904,4351.891963055311,4353.645635196409,-51.09133964237613,-51.056033233628234,-51.04309626099406,-51.09133964237613,-51.056033233628234,-51.04309626099406,12.038800825002955,361.0284177732639,2475.355651878053,-1015.5015977814669,3344.679893095331,-576.0153467789596,2650.6238270071867,-256.52009208981127,1994.7076074598917,-110.18959552162124,1408.067607786303,-43.96039574229474,924.3613433125346,-19.80026292483827,550.8620865292964,-9.325076252394537,282.4087377303529,-3.5068278685565883,108.40968809643796,-0.1053283791452368,18.408440865863827,2.914949184024378,2.9130735525417375,2.914402878773967,2.8618894631380516,2.860180355522826,2.8615096685275643,-0.0592753040546813,-0.0584622541619085,-0.058325509984262745,-0.5568089754779504,-0.555686052998949,-0.5557787300812657,-0.11006146706912949,-0.10993079038267324,-0.11001751166179474,-0.11006146706912949,-0.10993079038267324,-0.11001751166179474,3382.053561590024,28330.250230918085,354.7287659430477,18.34685566196713,428.0464381056562,156.06770971963272,6.186351549440715,1283.69139238865,638.7092006061768,4.48748212965733,1794.1651882574836,648.7283876266313,3.7590397040920527,2124.145316684721,601.7997432074352,3.290011776778502,2279.8657888978696,561.9233806278282,2.3331188940141447,2381.402528710067,492.6308751462794,1.0180811948603263,2363.9760057176977,425.12234046834243,-0.40772265264254764,2331.0989936779342,361.18419619780025,-1.2484984299387234,2165.219400237088,288.8388983770765,18.350731640700793,427.89204593609696,156.0177634645754,6.187102689450745,1283.5185334977948,638.6491844800225,4.48739810924695,1793.574088688193,648.4686576439782,3.7584468612331747,2123.4616333356526,601.5515892334837,3.2891767706231656,2279.1182450833207,561.6822008012363,2.331999628141157,2380.574960742769,492.39827211387257,1.016763385813212,2363.027938070643,424.88564027117235,-0.4091891750695892,2329.901534635532,360.9278773710207,-1.2501185228843754,2163.802858174775,288.5711920377442,18.353588852078566,427.9515721923409,156.04495804412102,6.18880261220625,1283.8296886709084,638.8622954303012,4.489073790295278,1794.2048218049565,648.7785376443418,3.7601941193018926,2124.1909607228745,601.8452896220803,3.290949242102155,2279.905736179686,561.9622308408092,2.333771748687321,2381.422220007187,492.65523055540143,1.0184842122037017,2363.9525561648225,425.12794229200165,-0.4075522378426558,2330.992452135194,361.1644912128887,-1.2485439622864276,2164.995337981265,288.79409992384245,0.2441949431626222,0.2978051525505705,322.1348984788899,-6.350788111833927,11.10019289038563,2799.999719548194,24.371829325535703,6.671205618322532,3120.681549383679
13.0,0.0,0.0,180.01580668624206,11.616742072430625,11.616742072430625,11.616742072430625,1167.763721958295,1089.8913693723907,551.6621940877295,-10.255125477833097,-447.2354715136739,0.0,131.39199303215568,131.2984467371104,131.33630219625667,128.2595139842163,128.20949724990908,128.25426533726161,-2.1904231575660336,-1.9836089084509838,-1.9456502457224216,-28.603240645593875,-28.38175722338974,-28.352195277121393,384.30249752844907,384.47242794760626,384.2198836536898,384.30249752844907,384.47242794760626,384.2198836536898,-22.357415124673544,-25.972894759882426,-26.583651474639698,769.371536246677,765.2736993113693,765.0450953346589,3929.561187529619,3926.779539888651,3928.6292366549637,3853.5693527714534,3851.5759472857744,3853.508898512201,-53.2982733016386,-53.26759464300612,-53.25613062720528,-53.2982733016386,-53.26759464300612,-53.25613062720528,12.038801313730247,330.3959742588088,2475.345676802623,-923.4626444739416,2926.616324685583,-528.5204708205836,2285.678361100456,-244.15134371917588,1689.7171543972381,-112.05097880435704,1167.4115175479199,-49.766622580048434,746.9816460732784,-23.96062185449216,431.7580984899035,-11.005262445549054,213.72713555944398,-3.682125674199604,79.35691920077532,-0.06057809798036065,12.931500969353223,2.394137913656182,2.392090138332408,2.3936017512374046,2.338036541688408,2.3361980568126213,2.3377011328868,-0.03505451399830147,-0.03422549593453854,-0.034125188344950444,-0.5164293563419635,-0.5152059419574782,-0.515411334819805,-0.07547224224947997,-0.07535934950067537,-0.07543580394109538,-0.07547224224947997,-0.07535934950067537,-0.07543580394109538,3552.6562363936096,25879.142035370416,384.91949172192784,19.000735558772497,461.9201470227782,184.86927528599196,6.6303864714263145,1388.4512489929145,761.8746737461112,4.6774886413756835,1876.1678493299446,753.2283624415179,3.68347407675742,2117.24398211527,668.2518471203848,3.0576032850872754,2199.6292237039497,604.4813228467607,1.8987762853409653,2185.7290865977875,503.32279515790464,0.41863256856937303,2046.2055719995158,407.95627444164666,-1.1220777063459346,1846.9224618292938,315.3533128270889,-2.052526892296235,1548.636742696238,224.24333822449995,19.00570166252622,461.7531540481639,184.81412737455284,6.631583594837846,1388.3080837818675,761.839511141304,4.677606704487449,1875.5664877121797,752.9380055030708,3.6829346780490395,2116.552216004606,667.9794107516346,3.05674666275498,2198.865277676314,604.2146173609516,1.8975683132602266,2184.8605051008108,503.0634065637662,0.4171585294574558,2045.2004160306221,407.69579965738546,-1.1237339497859276,1845.6181172343238,315.06349927285123,-2.054372371387575,1547.0942548632534,223.9459068865109,19.007720718166627,461.8256751860923,184.84892905201474,6.633162273269563,1388.622808608238,762.0747186041625,4.679347437729502,1876.2590126445575,753.3137154145371,3.6848395816783213,2117.351695147703,668.3287501783079,3.0587159794432774,2199.739844302631,604.5482057567991,1.8995705560601202,2185.817301795761,503.37013302754093,0.41914622734847423,2046.2497112642254,407.98064871628577,-1.1218302851156996,1846.881026588786,315.34822088173536,-2.0525186327679132,1548.4671554204901,224.20874020460695,0.19214915586284434,0.2297959845662144,291.4999981360734,-6.115227447447081,13.30961039388097,2799.9998497006545,24.371829336750373,6.15803620536634,3120.6691004900604
14.0,0.0,0.0,179.7575055841875,13.202801334388715,13.202801334388715,13.202801334388715,1167.7637661718595,1218.1098784956398,572.5147366217752,-12.328385169653037,-446.4939459890068,0.0,124.249823320988,124.14500418961366,124.19125754848746,120.57553870450754,120.52372420418614,120.57234025532087,-1.707887043257702,-1.4881518290818267,-1.4724616228728276,-30.04131754879902,-29.80339839092508,-29.7983925417781,384.7572294613394,384.9099344169269,384.6548440321042,384.7572294613394,384.9099344169269,384.6548440321042,-42.473490748315164,-46.28294483248592,-46.526247232294786,766.4505626271293,762.0577423652699,762.3118945686568,3536.8026567941984,3533.8270159174554,3535.954194523042,3453.0195327899887,3450.9904021825805,3453.1179179168093,-55.152221770261505,-55.123187613576505,-55.11471788940498,-55.152221770261505,-55.123187613576505,-55.11471788940498,12.038801655390055,307.3061254252762,2475.377592728711,-841.1021291414581,2591.588197994015,-483.39766926781374,1988.8421094802243,-228.95242437770946,1438.3954146254769,-109.72318844446497,967.2059761488808,-51.753343578295514,598.4814876835298,-25.52723454923823,331.76836596846016,-11.356883802282374,156.19633626024478,-3.468315935813822,55.354318066378475,-0.030979586652116996,8.700550053102308,1.962663314188477,1.960463335390855,1.962236393606537,1.9065850357313707,1.9046393098852497,1.9063698272466074,-0.0183970569860882,-0.0175292351712549,-0.017508349913051575,-0.46618090575702636,-0.4648326257492235,-0.46521791616852803,-0.05258727244562426,-0.05249380472274275,-0.05256212171416949,-0.05258727244562426,-0.05249380472274275,-0.05256212171416949,3737.0660482851517,24100.260095374673,416.0156761798147,19.611008748518024,498.1901017035511,216.08897976451593,7.10736949587936,1502.8569408584635,899.384313739522,4.927351047511952,1978.9159352849167,870.7029775342966,3.687386593075774,2140.727149224741,742.1615067653375,2.915198069200987,2156.890101329548,651.3554051946542,1.567539530423594,2037.2816600499132,514.6169835068251,-0.06807466226933091,1787.6134348269495,389.1330300672955,-1.720692366352609,1437.5792571323263,264.794067413839,-2.740242113386605,1019.4868564217182,153.2382066055722,19.61752710074953,498.016081663106,216.0309225550505,7.10922280943264,1502.780495871926,899.4121200611711,4.9278059977940005,1978.3629372929724,870.4128016064833,3.687002989123248,2140.0786143263563,741.8884258318346,2.9144104863717284,2156.1519428067763,651.0821808363532,1.5662892109868147,2036.393690119057,514.3377194414859,-0.0696774859619146,1786.5476615166758,388.8462253690573,-1.7225516952484248,1436.1636940107335,264.4703983361406,-2.742346861699855,1017.7996786673282,152.9083429672304,19.618159711141356,498.0949346349616,216.06752545631204,7.110461059578514,1503.0688511880005,899.6420436177118,4.929511642609053,1979.0945367830484,870.8505626022527,3.6890166358012535,2140.938151624928,742.2931151739442,2.9165577886197513,2157.1142149193884,651.4733552639432,1.568549787043274,2037.4883427377893,514.7073124135453,-0.06737619500623997,1787.7750810479963,389.1933655837747,-1.7202911821506612,1437.6631999524966,264.8206427791057,-2.740097529083535,1019.43997139278,153.2301857195325,0.15390893705591693,0.1825790371059137,268.40537746886565,-4.5613911806961305,16.369075916686754,2799.9999546206805,24.371830137100574,5.718176638692798,3120.709425473843
15.0,0.0,0.0,179.7957651373622,14.652430622969208,14.652430622969208,14.652430622969208,1167.7637241741031,1342.9650706936854,587.720951935871,-14.124889587324851,-445.3994605504588,0.0,118.59409519903997,118.48807794475675,118.54278394123597,114.36214768897342,114.31719382948377,114.36828419870955,-1.4822297278170629,-1.2549147508750151,-1.261800092394195,-31.432922065240245,-31.18623774086867,-31.20670902780254,384.93843855773497,385.0716588447367,384.81594834245794,384.93843855773497,385.0716588447367,384.81594834245794,-50.66710431379908,-54.621237369964625,-54.478651538895555,763.5448283037038,758.9478780349626,759.6962054319549,3212.2912519691185,3209.2456221373936,3211.6488193560767,3120.6367996728018,3118.6899273052136,3120.9801512091367,-56.763663849254094,-56.73894984727249,-56.73233219433357,-56.763663849254094,-56.73894984727249,-56.73233219433357,12.03880110996389,288.68119545731207,2475.367959008257,-765.7098002152145,2315.3208575633275,-439.802946509976,1741.0909041541809,-211.54969866904088,1225.3796458564022,-104.22114679829266,795.525599572463,-50.82845904256213,470.01674492888685,-25.055008087936407,244.72414270760902,-10.577453659779612,105.91094979549132,-2.8226285408212495,34.34957538080532,0.06844827323354796,5.020788390059465,1.5924939730514993,1.5901844417638504,1.5922103882607472,1.5388628111202016,1.5368571969718163,1.5388015703691886,-0.0072724443334874845,-0.006369685443813307,-0.006433726240390432,-0.4098644882308228,-0.4084076972646312,-0.4089818035455889,-0.03718110067020804,-0.03710878829733972,-0.037166535211572524,-0.03718110067020804,-0.03710878829733972,-0.037166535211572524,3896.5629153954246,22719.533232341422,440.11363609698714,20.154848016297894,536.7455113366923,249.87214598892962,7.593329163494072,1624.0060393838553,1050.934556697616,5.216688908598991,2097.5405100615094,1001.7874230975964,3.749532830616666,2187.5017641947798,824.5778977555558,2.840362637177323,2143.054908844564,703.9297151116615,1.3145611767469745,1925.3633167106052,528.0989511404716,-0.46858901748252924,1573.437225062299,370.1508912618064,-2.2311477511892446,1084.8505945800775,211.39917746272653,-3.339999084742757,557.1158784491639,77.9068613719029,20.16260258310662,536.5686675137948,249.81384919106898,7.595778991401999,1623.988918437498,1051.0307474885194,5.217497421331081,2097.0534925109823,1001.5150757504333,3.749374324166789,2186.907412442071,824.3137166809204,2.8397306907561206,2142.3534251884334,703.6553750246928,1.313374575254777,1924.4788855679344,527.8062515741195,-0.47022421360354816,1572.3385803824806,369.8417227259138,-2.2331480070304632,1083.3408025568408,211.04436644529008,-3.3423434216308605,555.2769048437938,77.5425933160899,20.162014285531786,536.6523989618915,249.85173431924414,7.596688475003289,1624.2585995027684,1051.2544314844583,5.219132453118866,2097.819008367489,1002.0134945859135,3.751437780518949,2187.832181515694,824.7799042676148,2.841979141404578,2143.406115691424,704.1116440613625,1.3158010327660308,1925.7060502526342,528.2442923414029,-0.4676766156823378,1573.7372439372457,370.25328120826475,-2.230561979145336,1085.088815757282,211.4666896895372,-3.3396857092077714,557.2188250837459,77.93448997655548,0.12517966587018328,0.1481168538913471,249.77927012906616,-0.4363282260975851,18.36181797014194,2799.99980885835,24.371829266078574,5.336964620985091,3120.697138853656
16.0,0.0,0.0,179.6982850028758,16.020968030142033,16.020968030142033,16.020968030142033,1167.7648040521842,1474.2458814663994,607.8164604915958,-16.237804772222223,-444.5814697505395,0.0,114.16863369825097,114.05651715702783,114.1244568081956,109.29890668391259,109.25686090305209,109.31233609060071,-1.577785854146278,-1.3398825246099157,-1.3754596964593335,-33.025760492235634,-32.766121366731504,-32.81917683744938,384.94357202713593,385.05109743376516,384.797059690639,384.94357202713593,385.05109743376516,384.797059690639,-49.65455651601703,-53.77313955938143,-53.14892850531161,760.2559299385199,755.4372993155993,756.7985043428705,2927.5878188764073,2924.4857187891575,2927.2327396257765,2827.5866557192594,2825.742658791174,2828.2101983540592,-58.11753451775377,-58.09531571286515,-58.091892557080605,-58.11753451775377,-58.09531571286515,-58.091892557080605,12.038812395537091,273.5244543330231,2475.452765395862,-692.6318953760064,2071.291505240802,-395.9026430531997,1518.841393041537,-192.09500811125517,1032.0965147436334,-96.33326532530695,638.471795919261,-47.81389438129481,351.7871932885432,-23.103388648678116,164.27124550534762,-8.946282306198981,59.29561231158976,-1.8302922949255618,14.847327652431735,0.23166436430809312,1.605262098782583,1.2538266725493674,1.2514935898223944,1.253771363799008,1.2052240906952099,1.2032379494190786,1.2053811096301286,0.00034050151890986836,0.0012758094761732728,0.0011073649164638642,-0.3457163730746032,-0.3441723009311638,-0.3449631346383128,-0.02654528045189753,-0.026496405096345408,-0.02654242879087403,-0.02654528045189753,-0.026496405096345408,-0.02654242879087403,4084.4578865280314,21651.72256158596,470.6502333721279,20.601082169608993,577.3976618722556,286.47529799215795,8.056027121185526,1747.4742360262164,1214.742367591703,5.513943587232824,2223.54313169683,1143.911449928428,3.836268018623106,2245.4353202855445,913.2904210173956,2.7979281962203313,2143.6024012288003,760.0016260926279,1.1024506880753742,1832.482919648173,541.7065752701587,-0.822467531570386,1383.1670782108547,348.85375002264993,-2.693758359997609,762.9843372160373,152.9977024689134,-3.891937464588504,129.84078217617864,-4.539030616374342,20.609660069063665,577.2119082691485,286.41367469237616,8.058844077772628,1747.457081934104,1214.87039945612,5.51504455645626,2223.139382535754,1143.680118150829,3.836362906401943,2244.9152363901903,913.0512122487117,2.797524726442708,2142.968716471682,759.7421691891228,1.1014319884070556,1831.647239544832,541.4178741005775,-0.8240136691372737,1382.0739892405222,348.5342227156753,-2.6957596380215407,761.4384054338589,152.62750520671275,-3.894368971701631,127.9039283275461,-4.925843930758738,20.607894475614703,577.2985689093152,286.4507195847303,8.059337684575581,1747.7122758945236,1215.0812708573465,5.51651369422331,2223.9328838112847,1144.2336440612903,3.8383716880242216,2245.899332123563,913.5792205611599,2.799774788837313,2144.100125857652,760.2638471581496,1.1039384233502378,1832.9866694378347,541.9230935232099,-0.8213091977147133,1383.630923710042,349.0159414062653,-2.69292355512227,763.4176661452647,153.1233903855065,-3.891374054915013,130.1522520020325,-4.459632231267036,0.10317888000318874,0.12236613302340671,234.62087924723258,2.6605932086730424,21.02561236908734,2800.002414785516,24.37182950560968,5.00340902253142,3120.806979837987
17.000000168589967,0.0,0.0,179.57105014989537,17.322036562032736,17.322036562032736,17.322036562032736,1167.7637331543826,1608.6596989774898,627.1211306923435,-18.575393746364945,-443.70467006820286,0.0,110.63538768067079,110.5174139385732,110.60125069722602,105.05254487455922,105.01302610357416,105.07259298894989,-1.8981240227987968,-1.6524714634140687,-1.7211267820768228,-34.75293733442976,-34.48315772490356,-34.573853090503945,384.8139389400736,384.88881956643706,384.64101851353195,384.8139389400736,384.88881956643706,384.64101851353195,-41.66075641345199,-45.883133409960855,-44.707689059415216,756.6321245103937,751.6814665981531,753.7350672247053,2674.807676279177,2671.7198001510205,2674.8446089369404,2565.89652721431,2564.208873738393,2566.8386440275085,-59.24977327472232,-59.23085960892405,-59.230246603484126,-59.24977327472232,-59.23085960892405,-59.230246603484126,12.03880130367909,260.8354760558839,2475.582588533025,-621.7746280466502,1853.6788972803868,-352.0363745590271,1317.8059216384925,-171.1740521261555,855.1982579163604,-86.65421907064585,493.5293369955385,-43.20381199796808,242.01414139395564,-20.015812161710333,89.24356758477813,-6.659575049658079,15.68826564947833,-0.57033886732927,-3.4298274864637435,0.444596452264413,-1.593144804944858,0.9410746927120713,0.9388225437424974,0.9413280629909667,0.8999385303526335,0.8980723492073304,0.9003792364142269,0.0051902934559634115,0.006141386954982243,0.005853298567003975,-0.27524311507897503,-0.2736642666711585,-0.2746855521562592,-0.01971028225172957,-0.019685166447005423,-0.019718576377314192,-0.01971028225172957,-0.019685166447005423,-0.019718576377314192,4292.097535497299,20810.534298017177,501.51330313456066,20.953354121656872,620.429213087643,326.41384019975027,8.496898592282108,1869.5855537527252,1388.5956538393202,5.813453491538604,2355.594422949259,1297.1878713972662,3.941115528395283,2312.4228643695983,1008.5720437796472,2.7812475701669404,2155.9322110517446,819.9637143294805,0.9241239364418226,1755.55220845565,555.9945071578394,-1.1373734672198819,1212.9880459951698,325.9166600545735,-3.116196343387665,467.21647397273136,90.4535171279974,-4.4038107022364805,-268.4657300098619,-93.30430627134712,20.962825408594973,620.2384125244043,326.3515294547183,8.500320191526237,1869.6318966761144,1388.818481990717,5.815056204925078,2355.3038557987325,1297.0299935776336,3.9416421304148215,2312.0236146057246,1008.3857308468398,2.7812370860216946,2155.4299133572827,819.7502102094118,0.9234518026723995,1754.8556229976232,555.7425061866558,-1.138628269197277,1212.0268615905984,325.62600896056415,-3.117973585561526,465.79232823222867,90.10558867349653,-4.406063662510837,-270.3145105640045,-93.67660241584791,20.959926260362955,620.3285047705205,326.3870019772297,8.50029563674718,1869.872061046137,1389.003000556673,5.81623372518969,2356.1190466123094,1297.6262527925255,3.9434911743024244,2313.0489945897284,1008.9676510981129,2.7833877771346773,2156.6075143814296,820.3264171907308,0.9259331479114475,1756.2598564193,556.2983228337145,-1.1358767490448896,1213.677074673704,326.1627737374107,-3.1150257357265936,467.91561026658786,90.6606793255886,-4.402906928846166,-267.8712967878086,-93.15407101972875,0.08604716140783471,0.10260220051578689,221.93231162836983,6.129628693174481,22.23814783463971,2799.999868240045,24.37182944269062,4.709086459354147,3120.967772580009
18.000000337179934,0.0,0.0,179.59819447667797,18.566961554524507,18.566961554524507,18.566961554524507,1167.7638206183121,1745.1775042476545,645.504148063119,-21.09307346671531,-442.74913318279687,0.0,107.81800148928674,107.69773175278648,107.79910227467873,101.44430290513034,101.40973465205782,101.47276949341742,-2.392783374566122,-2.1437478788820425,-2.247357030802471,-36.598774626949215,-36.32444060325769,-36.45496125334901,384.5804409183484,384.617814514994,384.38195112705995,384.5804409183484,384.617814514994,384.38195112705995,-28.215848402982264,-32.45501116628742,-30.697155239928854,752.6568915961825,747.7087360669692,750.480676750463,2447.790162496136,2444.861424794951,2448.3392710062403,2329.3719748717663,2327.946349673369,2330.6839540339697,-60.17795982933675,-60.16242553765192,-60.16565625410697,-60.17795982933675,-60.16242553765192,-60.16565625410697,12.03880232020642,250.0788301608123,2475.6706026938646,-552.8510207496572,1657.3808860878646,-308.3167754391869,1133.9337759802545,-149.17024845647774,691.5335074845171,-75.60840819117037,358.35574561142477,-37.36052194580549,139.04748679313803,-16.043337846911353,18.5756815203894,-3.858811585942067,-25.505148358975017,0.9009412918009435,-20.72524760034175,0.6977215308530343,-4.616730999921653,0.6491291900651586,0.6470543938525307,0.6497718145868088,0.6178490768034463,0.6161848305942821,0.6186275242978186,0.007872569573921812,0.008818857470559154,0.008404287699208911,-0.19922812835880108,-0.19767054547481502,-0.19892884374914357,-0.015966715669096847,-0.015963174230008554,-0.015984141213366766,-0.015966715669096847,-0.015963174230008554,-0.015984141213366766,4515.472099308632,20148.447820264802,532.3591951425047,21.21937879165004,665.7090516992122,369.7743871469533,8.915723199044892,1987.2332040392712,1569.9116270893142,6.109155926092234,2489.8099196003677,1460.196820853788,4.0580197661823,2386.3677885504117,1110.3311128565404,2.7840547948576786,2177.495374314761,883.8457150763608,0.7729488058721016,1691.661937368275,571.1770579601766,-1.4204395684430635,1059.216198535497,301.4520466519637,-3.5056258597270844,192.91907234537328,24.07588812599498,-4.882757789928419,-643.1438693362268,-188.20739493330942,21.229661982932207,665.5221216778189,369.7181590837045,8.919777312337656,1987.331944777341,1570.2357775938788,6.111317607429919,2489.664475906955,1460.1466016492561,4.059051728552015,2386.1301213851207,1110.2306224412312,2.784524121466207,2177.175561790517,883.7104905635089,0.7727083021607968,1691.1687886593215,570.9917158714454,-1.4212883687212325,1058.4787294417183,301.22135574393894,-3.5070394763530714,191.74192961775492,23.78147059564605,-4.88468447155208,-644.7416283956009,-188.53621785405352,21.225672947271665,665.6176591044728,369.75141598167113,8.919078578674966,1987.5665688312508,1570.3827533509293,6.112051128177676,2490.473278841332,1460.7615680187737,4.0606047942981975,2387.1708462527677,1110.8507150821752,2.7864533787149326,2178.363778627497,884.3247105591862,0.7750683508804174,1692.5902116718896,571.5904898126502,-1.4185854146263133,1060.1636382328563,301.79953298747563,-3.5040657288648287,193.925350855465,24.38001762662995,-4.881431690315043,-642.2088645504188,-187.96655232752587,0.07250712207976819,0.08714163905580896,211.17583370356905,10.108969157141726,23.260557109867513,2800.000113673269,24.371829915174605,4.447470881274088,3121.0789955974924
19.000000505769908,0.0,0.0,179.8061652570965,19.762261065295515,19.762261065295515,19.762261065295515,1167.7641754802924,1881.348671201034,662.4584340587066,-23.7444142847744,-441.70585446926646,0.0,105.5965739120016,105.48386969307948,105.59793182424771,98.35433971692363,98.33119283906694,98.39194768410093,-3.0254927638693454,-2.7801106115965903,-2.918191320992064,-38.55143496625117,-38.28241416845841,-38.45085310996662,384.2655125158024,384.26038185155505,384.04389001874983,384.2655125158024,384.26038185155505,384.04389001874983,-10.615929188283722,-14.789245125443994,-12.436404189591942,748.3290454668115,743.5392926754924,747.0101314974829,2242.761280937955,2240.2106124162437,2243.934243456567,2114.259674653991,2113.270307102992,2115.978456731717,-60.931041154470684,-60.92361007662557,-60.92688894217281,-60.931041154470684,-60.92361007662557,-60.92688894217281,12.038806147492776,240.89502333755482,2475.631748940047,-486.01572746097776,1479.2468181748673,-265.13077958096585,964.8196239498379,-126.58660546178947,539.416462929055,-63.6685955629268,231.71328917171988,-30.672576167419436,42.02495626682493,-11.461703160970215,-48.289195356020116,-0.7091079275951397,-64.5966554070912,2.5114086421671886,-37.167869100526765,0.9782863074588352,-7.485392779075716,0.3752336649526567,0.37346642049946055,0.3763341930984614,0.3561438566728419,0.3547941294342565,0.3573095327516485,0.008899786190758303,0.009828269223243357,0.009282915211172364,-0.1184971841007287,-0.11702598081776283,-0.1185098168891999,-0.014817247067385814,-0.014830486995526011,-0.014840112862541516,-0.014817247067385814,-0.014830486995526011,-0.014840112862541516,4750.3720898869105,19631.737316634608,562.4595582891765,21.409293982231894,713.0920844500118,416.5810919582949,9.305100672807814,2101.595169569853,1758.6530819342515,6.397608452897305,2619.5082425055784,1630.026332786024,4.183507078894902,2466.1245274317757,1218.6778378338186,2.8028480616947196,2206.9714843757997,951.8806390091495,0.6452185668756419,1639.2270045487085,587.6512400157001,-1.6755715926844998,919.9564437386136,275.8577064199546,-3.865862289320514,-62.34034545787606,-45.55306859683798,-5.332176285110544,-997.1065067873818,-289.3279560172071,21.42029024397713,712.9104550004886,416.5318442646999,9.309860231713389,2101.723776261785,1759.07645040566,6.400401827008807,2619.5442580205336,1630.1256362839956,4.185148920665993,2466.099632643796,1218.7023490360489,2.803913031509154,2206.889898325149,951.8614911023246,0.6455489669520088,1639.0056055576554,587.5680605973728,-1.675895019187401,919.5085741698755,275.71395916631457,-3.866796662641143,-63.176573337652286,-45.76435570356405,-5.333658191199905,-998.359029410359,-289.5918740336003,21.415185563532578,713.0144592714453,416.5632410019266,9.308255346236585,2101.9704327227832,1759.1770100118313,6.400507573574579,2620.297359932563,1630.7158965451854,4.186226682253407,2467.105452190894,1219.327920092926,2.8054591207320287,2208.03539192423,952.4826825541053,0.6476376435330051,1640.3844484244628,588.1759938448662,-1.6733443249821423,921.1641186933177,276.31305021119334,-3.863873035490612,-60.999631176408826,-45.136589902760086,-5.330363299768484,-995.7887823961158,-288.97984481309146,0.06166447819448927,0.07485776823227057,201.9917389513315,16.02399453348975,20.628022154539316,2800.001005884385,24.371830056819412,4.213394772728755,3121.031004867925
20.000000674359875,0.0,0.0,179.96755744990168,20.888400029592248,20.888400029592248,20.888400029592248,1167.7658201871059,2003.3292156387718,697.8396202584725,-25.848030730093644,-441.96863027990275,0.0,103.67779833086821,103.56965404516882,103.7049024414318,95.61755059749545,95.60255777227951,95.66789835985728,-3.4950819719081796,-3.253801535044985,-3.4247664932757513,-40.231652169016904,-39.967566570426825,-40.17550331441989,383.91133748679096,383.8679780206471,383.6741840944154,383.91133748679096,383.8679780206471,383.6741840944154,6.717065177309102,2.594279920020155,5.5104732807960835,744.4962501398545,739.8847952853484,744.0303172735105,2070.471002345991,2068.3301828824774,2072.3192814974104,1931.9959003696772,1931.4670686649465,1934.1571189078302,-61.44888118065255,-61.44560045693546,-61.45228895445454,-61.44888118065255,-61.44560045693546,-61.45228895445454,12.038822621965053,232.77523009604707,2475.4276859071438,-427.2206812082935,1330.807464600851,-226.01471947389683,824.1840968834243,-105.36642061593187,409.93398436633413,-52.01053619085717,122.00254499088607,-23.893236082556175,-43.094912696685284,-6.791129784135401,-107.46647707730152,2.454358738162865,-99.37975190735631,4.091670258969277,-51.80879535273095,1.2391845698653767,-9.996789630494206,0.13687786957344153,0.13550544048116706,0.1384402885338813,0.13092667948507722,0.129970226729127,0.13247698629938395,0.008544078936004893,0.009457942284062578,0.008792016730633768,-0.04082062180461765,-0.03947819271272557,-0.041146817123401486,-0.01582117100814377,-0.015842305841471904,-0.015842879630902324,-0.01582117100814377,-0.015842305841471904,-0.015842879630902324,4938.490968637656,19184.51972469065,608.20104297251,21.557692818067657,762.4782220224514,466.5228589716584,10.354020232180975,1911.9757841051119,1681.8033811074947,6.696244884203939,2753.6049048845207,1811.300240830268,4.334881064984003,2557.4982170241155,1337.1201674039664,2.8554488022838833,2252.4783219845685,1028.365284004731,0.5596421691001213,1608.0382955156085,610.0247224781565,-1.8832276515436908,806.6624475336473,254.06721627693335,-4.1765631888973,-283.7750852168606,-112.86420701569175,-5.729745653393825,-1312.1411940285052,-389.27346835054203,21.5693363740579,762.3035102752503,466.48205016831463,10.363769192666734,1910.2422722556437,1680.6301392999685,6.699649010962924,2753.8344010311125,1811.5724991551776,4.33712245632771,2557.6958681985166,1337.2907611835665,2.8571203844419646,2252.6383073488246,1028.478895687999,0.560574051474015,1608.1095873520474,610.063038511138,-1.8829735965865417,806.5428583841333,254.031978962873,-4.176944090415554,-284.23150087317026,-112.97859288966961,-5.730704226621832,-1313.003254738602,-389.4570290031016,21.563246425941873,762.4174794113165,466.512815614868,10.357053019999324,1912.359684887002,1682.334493691435,6.699055317712047,2754.4901766392304,1812.0990990710038,4.337668877410302,2558.6152005793233,1337.886226696557,2.858219521727251,2253.699974106079,1029.080625141616,0.5623282370316172,1609.4014146509992,610.6652205876711,-1.8806617388741727,808.1241740141636,254.6330636231329,-4.17415800593818,-282.1118192223693,-112.33584674284266,-5.727453999171491,-1310.4440895103428,-388.81686874734373,0.05287351108660565,0.06487864587424354,193.87028913110024,20.308755548775405,24.042337549251236,2800.0048486337873,24.371829900356033,4.00273048319727,3120.7780130471583
21.0,0.0,0.0,179.60865851818147,21.995972271723204,21.995972271723204,21.995972271723204,1167.7639168765775,2136.6556939781585,714.3510263875796,-28.59513084952265,-441.16253015163386,0.0,102.38379770826565,102.29152519399533,102.4375239049728,93.34760263559473,93.34747531414655,93.40666937567548,-4.228242185294589,-4.0005316442388965,-4.204029823165171,-42.26748996398141,-42.02179890346235,-42.26509343086772,383.49530294329446,383.406339318531,383.2471692475144,383.49530294329446,383.406339318531,383.2471692475144,28.258587206460145,24.309564225979425,27.80088429910015,739.8566081492252,735.6783386778432,740.4118409044934,1905.4073347763153,1904.0281056311883,1908.0249739462913,1756.1305132140842,1756.3283930250607,1758.726314476849,-61.862601051085505,-61.868275699764105,-61.8750810726745,-61.862601051085505,-61.868275699764105,-61.8750810726745,12.038802995902357,226.06662049075868,2475.3856320137847,-366.98349004092364,1185.950224601894,-185.89695964689608,683.4764309629676,-83.3762629607835,280.23617137601934,-39.756975231941794,12.155932120454263,-16.674334932372023,-128.2660216030529,-1.834045400685031,-166.61593180603703,5.7578160570743,-134.0840689293226,5.699581912135636,-66.35954846633095,1.4925374052987999,-12.455505330218399,-0.10122232429500934,-0.1019542638861274,-0.09908548225610464,-0.09101191319366281,-0.09136350457984098,-0.08899802638388288,0.007585477723906092,0.008463107718503178,0.007669615748349859,0.04494390108589398,0.04603332127536226,0.04422351376117876,-0.018547772040538455,-0.018565283452183962,-0.018559890486047885,-0.018547772040538455,-0.018565283452183962,-0.018559890486047885,5181.771546786662,18892.608738795618,638.336477166552,21.624366846790966,813.6948377931988,520.2003090502876,10.804446539322196,1943.398787663119,1796.3030224023391,6.967526164522247,2880.8526113484977,1997.279248814063,4.472521594157594,2644.829092923157,1458.4105381893062,2.9007229478678953,2295.9461170045874,1105.9868316969898,0.4731320288932178,1576.2311773510796,630.7543877166991,-2.088325799482338,693.7249045009447,228.35433420399718,-4.483601839262681,-504.191105013954,-186.73961755170225,-6.125515125856605,-1625.0192629325234,-500.1539324195459,21.636655462446882,813.540971356465,520.1776770218262,10.81482546170236,1941.6369556334698,1795.0998429262154,6.971600525145494,2881.33221031583,1997.790519564523,4.475446461152515,2645.32737832153,1458.7949125780033,2.9031062567751778,2296.4442120158965,1106.301464122657,0.47481448365998324,1576.7021422151515,630.9729774751279,-2.0872796633909654,694.065393765382,228.4830234133226,-4.483150335707961,-504.08371487112925,-186.69635893649243,-6.125581796198688,-1625.2271399779524,-500.18576488490436,21.629585214770906,813.6656871230084,520.2072823903472,10.80711733368637,1943.8323740038509,1796.8788757820712,6.970094702563967,2881.812369419298,1998.1657807087481,4.475254941417483,2646.090443105546,1459.2912832556617,2.9035506426060826,2297.329092047472,1106.815594017751,0.4760374779402214,1577.7996558067384,631.513080315846,-2.0853914972227012,695.4516721264765,229.03823880659078,-4.480690111998245,-502.15835444594813,-186.08227031738045,-6.122604944905448,-1622.8611485919528,-499.5626970160819,0.045681486877558054,0.056844080438421415,187.16056567702952,23.871861800026963,20.896672457113176,2800.0002690367082,24.371828934703746,3.8121181836052282,3120.7199080934215
22.0,0.0,0.0,180.2246987629141,23.07420890091094,23.07420890091094,23.07420890091094,1167.7617289021875,2260.530462423921,704.71607229602,-31.38727693675754,-440.1761076906175,0.0,101.54360100284372,101.49061002206287,101.63898208197159,91.46978107374598,91.49715530383199,91.54373089015493,-4.975874425773544,-4.781303663451328,-5.0109070103693725,-44.37512276206439,-44.175372421717775,-44.44483639809464,383.07049573531174,382.9317032811041,382.8225440305243,383.07049573531174,382.9317032811041,382.8225440305243,49.28570244850578,45.8259173245849,49.791307760499905,734.8376798823318,731.599715220979,736.7009231468917,1759.2576470831452,1759.122208422664,1762.8166682807923,1599.200787770978,1600.430497629556,1602.2775250609795,-62.15751431752869,-62.16885830024881,-62.179641748619225,-62.15751431752869,-62.16885830024881,-62.179641748619225,12.038780768462063,220.5526144704368,2475.5043260172306,-311.9197369832888,1056.119475592081,-149.1491960116357,555.6305389471187,-63.30828802123681,161.23503186951817,-28.68796779300033,-89.16986104982325,-10.241247233818628,-206.94002959042695,2.5295931542489294,-221.09768761410527,8.607302779800177,-165.7678456269084,7.019629063739801,-79.37540842711462,1.6754578600941399,-14.586246799995758,-0.31953680212468416,-0.3193365671468833,-0.3167681174698129,-0.2913162246450092,-0.29082611568322486,-0.2888196227560466,0.0067773472343177705,0.007557430575169905,0.006655399150717886,0.13146976701919466,0.1321070252974448,0.1302722112075919,-0.022338785284107144,-0.022333102006273944,-0.022327068426612827,-0.022338785284107144,-0.022333102006273944,-0.022327068426612827,5426.912623716678,18705.184838810073,642.634308300301,21.6309163299368,866.661880012609,577.526273405016,11.18595285985172,1979.2869637419935,1917.7533953837801,7.220600337465852,3006.176350978945,2190.1758724401384,4.605659237798893,2732.472707367098,1584.634363946198,2.9484527111250647,2341.75902131934,1186.8548937083651,0.39634250422828016,1549.28410216742,652.2879638176687,-2.279066818528529,587.924828050032,201.50191385987796,-4.773944876538569,-714.1713856406607,-264.0165018898773,-6.509157094139466,-1897.952669545404,-612.4020757279765,21.643699725013057,866.5346531998048,577.5115404377535,11.19684287348879,1977.5885824417487,1916.6091219647726,7.2253243953993485,3006.871086193254,2190.950114497238,4.609290102363124,2733.3218083849665,1585.2901134285976,2.9516160649428786,2342.666786521414,1187.435276196911,0.3989185403789043,1550.2582532219558,652.7566176649194,-2.2769906589253246,588.8699253715934,201.8624132942177,-4.772366264033235,-713.2766567152134,-263.7441603918588,-6.507997915366108,-1897.2555616032435,-612.2217317049079,21.635913567829142,866.6945037459922,577.5597166944741,11.188482574682023,1979.8365681914584,1918.443995557324,7.2229451103638755,3007.1969531891327,2191.125647796172,4.60825465620793,2733.8254414277226,1585.594827401548,2.9512432638663317,2343.253557365463,1187.7694385272296,0.39938865081712466,1551.0224025876532,653.1453134146299,-2.27579828466,589.902598681674,202.29614760319768,-4.770522430846746,-711.763789886031,-263.2339474440388,-6.5055577847929715,-1895.269878412885,-611.6684247652865,0.03973502104898732,0.05029686039440458,181.64780788242598,34.63284951051882,12.164617090639034,2799.9951678467464,24.37182983530941,3.6388333659000525,3120.8637835702557
23.000001180129782,0.0,0.0,180.12292146555126,24.115702221811503,24.115702221811503,24.115702221811503,1167.7631662726428,2347.7781631616144,661.2189490632261,-33.06143018660429,-439.05556929519526,0.0,100.94306926003541,100.93418623922993,101.07374890671608,89.84059460899945,89.8934307844133,89.92322543094201,-5.610641902725259,-5.461143479176602,-5.700187950652994,-46.36428534129715,-46.224345654903345,-46.49961189131142,382.67647383337066,382.4965415639706,382.4429388937663,382.67647383337066,382.4965415639706,382.4429388937663,67.5451230639999,64.87031489247725,68.9638181136841,729.970261781566,728.0337299984254,733.0552098498939,1635.7100022762713,1636.9458811624452,1640.0798898423973,1465.3502811063538,1467.5743192176883,1468.763669947164,-62.62536161885366,-62.65026883172747,-62.66075975507515,-62.62536161885366,-62.65026883172747,-62.66075975507515,12.03879576521382,215.7689980400084,2475.6830355257434,-264.83135527982233,945.8394998435443,-117.6363089902281,446.94671088731144,-46.09461476149732,58.91680348128204,-19.320985674393423,-177.3986392714215,-4.886500770629477,-275.8184674526669,6.126251467142966,-268.73713627074846,10.921091680234829,-193.21001504692154,8.051845689821496,-90.41026112121524,1.8102199592438941,-16.36733363423446,-0.5087712032131779,-0.507545815747531,-0.5054550613874581,-0.46183549470542856,-0.4604724725844794,-0.458943453370429,0.006191974791587249,0.006791982484574923,0.005867979684237293,0.2135247040534201,0.21357115831131784,0.2118756886424706,-0.026433692202255887,-0.026389015481542148,-0.026384633436715772,-0.026433692202255887,-0.026389015481542148,-0.026384633436715772,5570.712794069332,18553.87906680748,607.6282679823465,21.595771133571834,921.2878988005979,638.3826927630082,11.494667535820218,2029.8867030594988,2056.9640582571105,7.461595962102363,3135.4235174518653,2392.196029404529,4.74086884798037,2823.122525136898,1717.4257509331303,3.005452028050574,2393.058254373893,1272.8496677237542,0.33676427584391067,1531.2324519275421,676.8364401003,-2.44705990793372,494.2406469541368,175.96340837264688,-5.037990818853215,-906.9509356987678,-341.45025713763374,-6.869218509014464,-2123.9740432666927,-720.6982051412183,21.607970033543246,921.301506232213,638.4739314860935,11.506618891859953,2028.4799840863316,2056.1424053808623,7.467633751026683,3136.4182089551405,2393.324922201544,4.745670648352405,2824.4247661772556,1718.4444084155712,3.0097137706912824,2394.4576077207203,1273.762143357975,0.3404347959708233,1532.756283558715,677.6058707336057,-2.443836633811675,495.8381431586339,176.59462106823955,-5.035167108158532,-905.2227866888865,-340.91374833940387,-6.866629856479201,-2122.3337689506902,-720.2169335634409,21.5991798319886,921.4767160068917,638.5257220549097,11.497395199282282,2030.719767187846,2057.9459308801947,7.464263347947841,3136.605362928662,2393.2726981640944,4.743713700182391,2824.563807915102,1718.4616063898109,3.0084635928316463,2394.6753867991138,1273.8500522044544,0.34006056443947674,1533.110768349898,677.7728799553728,-2.443434247329262,496.42091337019644,176.84698163752384,-5.034052197940707,-904.2195294048657,-340.562333831109,-6.86488169189929,-2120.8889443640974,-719.8087922008748,0.03477597024630903,0.04483046131977201,176.8652817344956,42.079686242785634,-1.4363851181188512,2799.998504592935,24.371829906278684,3.480627376790262,3121.0929702730186
24.0,0.0,0.0,179.92213655482308,25.145660944825067,25.145660944825067,25.145660944825067,1167.7620393503917,2432.883523828664,602.6586915892451,-35.290144434975076,-437.90675652807107,0.0,100.77112559809453,100.8254033287634,100.9466823963165,88.53970323165066,88.62573700978102,88.6351951839492,-6.310284741229252,-6.223416070381657,-6.459441150304736,-48.53207078634659,-48.47642881345107,-48.7417021407756,382.2717825976033,382.05424808945116,382.0720827238196,382.2717825976033,382.05424808945116,382.0720827238196,86.1367715856192,84.56694315556831,88.60601785197613,724.2739257996882,724.1577907067791,728.7596269936893,1520.988585229256,1524.055445430478,1526.2795265055086,1340.24355152606,1343.6911973876313,1343.9810982929407,-62.73905724526451,-62.777253019944325,-62.781525019533184,-62.73905724526451,-62.777253019944325,-62.781525019533184,12.038783701380186,211.98100530343447,2475.1652184879795,-219.58353904244245,841.2148980925053,-87.35272392963428,341.52299205003203,-29.72219106938371,-40.897560954871864,-10.533592042145719,-263.24451456640526,0.061759780515271694,-342.5425959402714,9.417305712035137,-314.55970087294247,13.005948627162693,-219.30812941144754,8.958243535990972,-100.73353329177688,1.9246329497113948,-18.022157920801835,-0.6912525530085768,-0.6888938006361132,-0.687553654824092,-0.6232603080195407,-0.6209828651679455,-0.6201535673275934,0.005843622491277231,0.006176948979350581,0.0052756176759761264,0.2990180284843326,0.2983169306649309,0.29693281553169154,-0.031056301337907367,-0.03096216874466315,-0.03095981580506591,-0.031056301337907367,-0.03096216874466315,-0.03095981580506591,5761.342416582403,18495.02491256282,560.433666799506,21.504331080813706,977.5420483290052,703.3897405574241,11.727936673644844,2090.257727598373,2210.976331360004,7.673676928067261,3255.6264962729306,2595.7030203682257,4.859408493351909,2908.3855421732324,1851.9046673024388,3.0516320658586835,2440.164627135009,1359.063515023352,0.27262334134020977,1510.376468261351,699.3975536473014,-2.61557511143825,398.8977031458489,146.59305268389832,-5.299936819503758,-1100.2664999748424,-424.7221058718185,-7.229362398584982,-2331.739656461411,-832.2450525347413,21.510466663913846,977.7374767717813,703.5826999357785,11.737285360743723,2088.771930943923,2209.8707623147734,7.678688033197805,3257.448551099633,2597.5507606996807,4.864040628415215,2910.2759434116247,1853.4079262877685,3.0561160222174513,2442.193064123395,1360.4179855903458,0.2769290514762996,1512.5422875010452,700.5271099415912,-2.6113911677455413,401.21031208105836,147.5319778605235,-5.295901528272646,-1097.6211797980825,-423.8851747677191,-7.225180794490635,-2329.661259640584,-831.5802501822711,21.501194374479287,977.9173257983148,703.6361146269657,11.72751827023286,2090.967220464692,2211.6154176505,7.67447261762275,3257.156135410887,2597.046766584224,4.8611783910892825,2910.035684912876,1853.0836386869275,3.0539286781384725,2441.930276987743,1360.1593702529751,0.27560679873792326,1512.3589629747612,700.3891994363021,-2.6119274136528228,401.20565497541367,147.52056857724213,-5.295714580501446,-1097.3029229739134,-423.7772078468542,-7.22435334308436,-2328.9588973901687,-831.3658273068323,0.030605082729269307,0.040312651900394486,173.08163918288014,48.49415645612458,-14.03646151420804,2799.9957833930434,24.371830000855105,3.3355980647016614,3120.4370315358874
25.0,0.0,0.0,179.8165832473423,26.158836159167404,26.158836159167404,26.158836159167404,1167.7626919023471,2504.2550983130445,526.2746225829643,-37.45762227595608,-436.6102629697297,0.0,100.87343136670691,100.96201853204157,101.05333998123082,87.43715717659741,87.52449034795094,87.5123219417087,-7.041354840072659,-7.023592055323605,-7.237721662724462,-50.79130133657425,-50.8144208293877,-51.04680473107351,381.8735286010592,381.63125432110303,381.7219173906061,381.8735286010592,381.63125432110303,381.7219173906061,105.22335523793069,104.86685306008847,108.54107580719918,718.9696532512997,720.420702200511,724.1545834643036,1416.5956671700733,1420.613182474413,1421.6080021196635,1225.1117971671915,1228.8722425359636,1228.149407259223,-62.70008330001459,-62.72765744636328,-62.73520008743013,-62.70008330001459,-62.72765744636328,-62.73520008743013,12.03879054413098,208.72060816999834,2475.3171266099516,-176.5216391176389,744.8117580363256,-58.376342829387774,243.03273635937654,-13.930142894932986,-134.75969441967655,-1.975408225326083,-344.2324947069591,4.937241372479187,-405.4460808109394,12.66979225800873,-357.55589961543035,15.056621586566145,-243.55705872789014,9.859711961938775,-110.2101635510789,2.049019751348827,-19.52633826702626,-0.8623458220708576,-0.8591727865813744,-0.8588376562526648,-0.7717181621534108,-0.7688451216828882,-0.7689003366805688,0.005231278791418913,0.0052759256982109195,0.004464846942882356,0.3848706752872519,0.3835100667251442,0.38263310818875956,-0.03597377032886473,-0.03584287514633827,-0.03584457756384179,-0.03597377032886473,-0.03584287514633827,-0.03584457756384179,5945.683034957566,18477.673152500505,495.1246465367471,21.36352756560387,1035.686966653793,772.9016207085759,11.905241597781325,2155.3741929157686,2375.1900963410067,7.862869095905836,3362.8762134907483,2798.7827159025333,4.9655503242181975,2991.076991897498,1989.4746193115104,3.0915639888624034,2485.893345305597,1446.8389424928475,0.20887691198108027,1489.7398413578985,721.3131661288168,-2.779212563647986,305.17536735149224,114.71630757871473,-5.554963880576707,-1289.9522246288584,-513.7430541239589,-7.581840613038685,-2522.6849303089657,-945.96828043069,21.363060910414205,1035.8876831652844,773.0528064713767,11.90650249084026,2155.6810424350997,2375.6770421023634,7.865552777951146,3364.27166559237,2800.348971825081,4.968965358332793,2992.8119493384525,1990.9693882319661,3.0953980093874973,2487.846060754134,1448.2373938454205,0.21320564797166178,1492.0327957446475,722.5854978193046,-2.7745042785070875,307.83856363316113,115.86335337850586,-5.549996361157125,-1286.6629350002952,-512.6361501131058,-7.5763634950941885,-2520.2419172131795,-945.1240342026073,21.35408716190399,1036.0515383784962,773.0988527924744,11.896660070383373,2157.8400785318568,2377.408141614439,7.860840169236747,3363.720060291142,2799.548486490468,4.965392955143172,2992.06515990173,1990.204958456101,3.0923984501363475,2487.0624034961024,1447.5829649337368,0.21096485182218572,1491.2469601743971,722.090891604278,-2.776052655537128,307.16293980097885,115.5253212115274,-5.550902365847324,-1287.1689842003518,-512.8445895047871,-7.576685564199936,-2520.4599910598904,-945.2238014921228,0.02708024781461481,0.03647076382811416,169.82071011969367,39.7565132572534,-24.631454112377757,2799.997357091069,24.37182977940773,3.20217596220441,3120.6303156154636
